"Status","Start Time","Stop Time","Duration in ms","Parent Suite","Suite","Sub Suite","Test Class","Test Method","Name","Description"
"passed","Mon Aug 19 10:49:24 CST 2019","Mon Aug 19 10:49:24 CST 2019","1","","test_3","","","","test_10",""
"passed","Mon Aug 19 10:49:24 CST 2019","Mon Aug 19 10:49:24 CST 2019","1","","test_3","","","","test_1",""
"failed","Mon Aug 19 10:49:24 CST 2019","Mon Aug 19 10:49:24 CST 2019","0","","test_3","","","","test_8",""
"failed","Mon Aug 19 10:49:24 CST 2019","Mon Aug 19 10:49:24 CST 2019","0","","test_3","","","","test_3",""
"passed","Mon Aug 19 10:49:24 CST 2019","Mon Aug 19 10:49:24 CST 2019","1","","test_3","","","","test_9",""
"passed","Mon Aug 19 10:49:24 CST 2019","Mon Aug 19 10:49:24 CST 2019","0","","test_3","","","","test_7",""
"passed","Mon Aug 19 10:49:24 CST 2019","Mon Aug 19 10:49:24 CST 2019","1","","test_3","","","","test_5",""
"passed","Mon Aug 19 10:49:24 CST 2019","Mon Aug 19 10:49:24 CST 2019","0","","test_3","","","","test_4","
    对函数的参数的返回值的注释
    自我感觉良好
    "
"failed","Mon Aug 19 10:49:24 CST 2019","Mon Aug 19 10:49:24 CST 2019","0","","test_3","","","","test_6",""
"passed","Mon Aug 19 10:49:24 CST 2019","Mon Aug 19 10:49:24 CST 2019","2","","test_3","","","","test_case",""
"passed","Mon Aug 19 10:49:24 CST 2019","Mon Aug 19 10:49:24 CST 2019","0","","test_3","","","","test_2",""
